{
	"fonts":
	{
		"normal": "@fonts/overpass-mono-bold.otf",
		"title":"@fonts/unispace bold italic.ttf"
	},
  "colors": {
    "LEVELTITLE": [ 1.0, 0.0, 0.0 ],
    "1": [ 0.3, 0.3, 0.3 ],
    "2": [ 0.4, 0.4, 0.4 ],
    "3": [ 0.5, 0.5, 0.5 ],
    "4": [ 0.6, 0.6, 0.6 ],
    "5": [ 0.7, 0.7, 0.7 ],
    "6": [ 0.8, 0.8, 0.8 ],
    "7": [ 0.9, 0.9, 0.9 ],
    "8": [ 1.0, 1.0, 1.0 ]
  },
  "bitmaps": {
    "LEFTSCOREICON": "LeftScoreIcon",
    "RIGHTSCOREICON": "RightScoreIcon",
    "SPEED": "speed",
    "DAMAGE": "damage",
    "DASH": "dash",
    "GHOST": "ghost",
    "POWERRATE": "powerrate",
    "POWERSPREAD": "powerspread",
    "SPECIALPOWER": "specialpower"
  }
}