{

  "fonts":{ "@filename":"fonts.json"},  

  "sprite_directory": "@sprites",
  "levels_directory": "@levels",
  "tilesets_directory": "@tilesets",
  "objecttypesets_directory": "@objecttypessets",

  "initial_player_life": 1.0,

  "scroll_factor": 1.0,

  "player_speeds": [ 1.0, 1.3, 1.6, 2.0 ],
  "player_damages": [ 1.0, 1.3, 1.6, 1.9, 2.2 ],
  "player_dash_cooldowns": [ 0.6, 0.6, 0.8, 0.5],
  "player_power_rates": [ 0.5, 0.4, 0.3, 0.2 ],
  "player_power_spreads": [ 1, 3, 5, 7 ],
  "player_specialpowers": [ 1.0, 0.8, 0.6, 0.4, 0.2 ],
 

  "player_speed_factor": 1500.0,
  "player_speed_damping": 0.005,
  "player_tan_speed_damping": 1.0,
  "player_dash_velocity_boost": 5000,
  "player_dash_duration": 0.25,
  "player_invulnerability_duration": 0.2,
  "fire_size_ratio": 2.0,
  "fire_velocity": 8000
  
}