{
  "BEST_SCORE_ID": {

    "format": "[LEFTSCOREICON] %d [RIGHTSCOREICON]",
    "generator_params": {
      "hotpoint_type": "top",
      "line_height": 60,
      "position": [ 0.0, -20.0 ]
    }
  },

  "SCORE_ID": {

    "format": "[LEFTSCOREICON] %04d [RIGHTSCOREICON]",
    "generator_params": {
      "hotpoint_type": "bottom",
      "line_height": 100,
      "position": [ 0.0, 20.0 ]
    }

  },
  "LEVEL_TITLE_ID": {

    "generator_params": {
      "hotpoint_type": "center",
      "alignment": "center",
      "line_height": 150,
      "position": [ 0.0, 0.0 ]
    }
  },

  "SHROUDLIFE_ID": {
    "hotpoint_type": "top-left",
    "position": [ 20.0, -20.0 ],
    "particle_size": [ 0.0, 150 ]
  },

  "TITLE_ID": {

    "generator_params": {
      "alignment": "center"
    }
  },

  "UPGRADE_ID": {
    "generator_params": {
      "hotpoint_type": "top-right",
      "position": [ -20.0, -20.0 ],
      "line_height": 80.0
    }
  },

  "FPS_ID": {
    "generator_params": {
      "hotpoint_type": "bottom-right",
      "position": [ -20.0, 20.0 ]
    }
  },

  "LIFE_ID": {

    "hotpoint_type": "bottom-left",
    "position": [ 20.0, 20.0 ],
    "particle_offset": [ 120.0, 0.0 ],
    "particle_size": [ 0.0, 120.0 ]
  }

}