{
  "@background" : { "path": "@programs/background/background.pgm" },
  "@player": { "path": "@programs/player/player.pgm" },
  "@explosion": { "path": "@programs/explosion/explosion.pgm" },
  "@enemy": { "path": "@programs/enemy/enemy.pgm" },
  "@brightsideoflife": { "path": "@programs/brightsideoflife/brightsideoflife.pgm" },
  "@gameobject": { "path": "@programs/gameobject/gameobject.pgm" },
  "@fire": { "path": "@programs/fire/fire.pgm" },  
  "@text"  : { "path": "@programs/text/text.pgm" }    
}